{
	"falsepositives": {
		"CameraError": 2,
		"FlightError": 1,
		"HardwareError": 32
	},
	"results": {
		"CameraError": {
			"1": {
				"missed": true,
				"time": 0.0
			},
			"2": {
				"missed": true,
				"time": 0.0
			},
			"3": {
				"missed": true,
				"time": 0.0
			},
			"4": {
				"missed": true,
				"time": 0.0
			},
			"5": {
				"missed": true,
				"time": 0.0
			},
			"6": {
				"missed": true,
				"time": 0.0
			},
			"7": {
				"missed": true,
				"time": 0.0
			}
		},
		"FlightError": {
			"1": {
				"missed": false,
				"time": 2.30026666666667
			},
			"2": {
				"missed": true,
				"time": 0.0
			},
			"3": {
				"missed": true,
				"time": 0.0
			},
			"4": {
				"missed": true,
				"time": 0.0
			},
			"5": {
				"missed": true,
				"time": 0.0
			},
			"6": {
				"missed": true,
				"time": 0.0
			},
			"7": {
				"missed": true,
				"time": 0.0
			}
		},
		"HardwareError": {
			"1": {
				"missed": true,
				"time": 0.0
			},
			"2": {
				"missed": false,
				"time": 4.0336
			},
			"3": {
				"missed": true,
				"time": 0.0
			},
			"4": {
				"missed": true,
				"time": 0.0
			},
			"5": {
				"missed": false,
				"time": 2.00026766666667
			},
			"6": {
				"missed": true,
				"time": 0.0
			},
			"7": {
				"missed": false,
				"time": 1.900599
			}
		}
	},
	"timestamps": {
		"altitude_error_input": {
			"1": 45.4313333333333,
			"2": 102.705866666663,
			"3": 115.439333333329,
			"4": 144.039699999994,
			"5": 159.30716666666,
			"6": 168.04086666666,
			"7": 177.708233333326,
			"8": 212.279899999991,
			"9": 252.213233333322,
			"10": 283.780366666677,
			"11": 342.748765666724,
			"12": 367.083166666743,
			"13": 379.584566666753,
			"14": 416.153200000114,
			"15": 428.921666666791,
			"16": 465.85606666682,
			"17": 501.35708888907,
			"18": 513.525099000189,
			"19": 525.991765666844,
			"20": 597.029900000114,
			"21": 624.396566666756,
			"22": 644.229900000071,
			"23": 1171.70676566627
		},
		"camera_error_enter": {
			"1": 42.4646666666668,
			"2": 111.005866666663,
			"3": 313.247432333367,
			"4": 414.22776566678,
			"5": 566.829900000141,
			"6": 935.983399999812,
			"7": 1114.46966666632
		},
		"camera_error_exit": {
			"1": 44.1313333333334,
			"2": 112.339199999996,
			"3": 315.114099000035,
			"4": 415.886466666781,
			"5": 567.996566666807,
			"6": 937.650066666477,
			"7": 1116.20306666632
		},
		"camera_error_input": {
			"1": 630.029900000084,
			"2": 635.829900000079
		},
		"flight_error_enter": {
			"1": 63.237199999999,
			"2": 179.908233333326,
			"3": 199.913233333325,
			"4": 337.180765666719,
			"5": 651.880099000064,
			"6": 881.739333333193,
			"7": 1004.00126566642
		},
		"flight_error_exit": {
			"1": 67.9374666666654,
			"2": 202.546566666658,
			"3": 340.882099000055,
			"5": 884.239333333191,
			"6": 1005.66793233308
		},
		"flight_error_input": {
			"1": 65.5374666666656,
			"2": 270.213233333333
		},
		"hardware_error_enter": {
			"1": 27.6313333333339,
			"2": 155.273566666661,
			"3": 275.513233333337,
			"4": 670.998432333381,
			"5": 782.569765666615,
			"6": 1046.73186666638,
			"7": 1169.80616666627
		},
		"hardware_error_exit": {
			"1": 29.5980000000006,
			"2": 158.10716666666,
			"3": 277.479900000005,
			"4": 672.865366666712,
			"5": 784.403098999947,
			"6": 1048.56519999971,
			"7": 1171.43953333294
		},
		"hardware_error_input": {
			"1": 185.276487888881,
			"2": 201.479899999991,
			"3": 224.846566666657,
			"4": 305.914099000028,
			"5": 347.515432333394,
			"6": 433.521666666794,
			"7": 438.755000000132,
			"8": 464.456066666819,
			"9": 555.963233333484,
			"10": 578.329900000131,
			"11": 672.998700000046,
			"12": 689.605133333366
		}
	},
	"userinfo": {
		"age": 2,
		"droneautoexp": 1,
		"droneexp": 2,
		"id": "1341829639"
	}
}
