{
	"falsepositives": {
		"CameraError": 6,
		"FlightError": 10,
		"HardwareError": 8
	},
	"reactive_results": {
		"ObjectsMissed": {
			"rows": 1,
			"structures": 2
		}
	},
	"results": {
		"CameraError": {
			"1": {
				"missed": false,
				"time": 2.7
			},
			"2": {
				"missed": false,
				"time": 1.56666666666667
			},
			"3": {
				"missed": true,
				"time": 0.0
			},
			"4": {
				"missed": false,
				"time": 3.0
			},
			"5": {
				"missed": false,
				"time": 3.7
			},
			"6": {
				"missed": false,
				"time": 3.1
			},
			"7": {
				"missed": true,
				"time": 0.0
			}
		},
		"FlightError": {
			"1": {
				"missed": true,
				"time": 5.99999999999999
			},
			"2": {
				"missed": true,
				"time": 0.0
			},
			"3": {
				"missed": true,
				"time": 0.0
			},
			"4": {
				"missed": true,
				"time": 0.0
			},
			"5": {
				"missed": true,
				"time": 0.0
			},
			"6": {
				"missed": true,
				"time": 0.0
			},
			"7": {
				"missed": true,
				"time": 0.0
			}
		},
		"HardwareError": {
			"1": {
				"missed": true,
				"time": 0.0
			},
			"2": {
				"missed": true,
				"time": 0.0
			},
			"3": {
				"missed": true,
				"time": 0.0
			},
			"4": {
				"missed": false,
				"time": 7.36666666666665
			},
			"5": {
				"missed": true,
				"time": 0.0
			},
			"6": {
				"missed": false,
				"time": 5.23329899999999
			},
			"7": {
				"missed": true,
				"time": 0.0
			}
		}
	},
	"timestamps": {
		"altitude_error_input": {
			"1": 68.577033333332,
			"2": 127.257999999995,
			"3": 209.857599999991,
			"4": 252.589999999988,
			"5": 457.046366666814,
			"6": 556.412132333484
		},
		"camera_error_enter": {
			"1": 33.1441000000006,
			"2": 103.24983333333,
			"3": 186.590699999992,
			"4": 318.843500000038,
			"5": 451.913033333476,
			"6": 477.179500000163,
			"7": 583.545065666793
		},
		"camera_error_exit": {
			"1": 36.6107666666671,
			"2": 106.825065666663,
			"3": 191.557366666658,
			"4": 323.943500000042,
			"5": 455.079700000145,
			"6": 482.612766666834,
			"7": 588.244965666789
		},
		"camera_error_input": {
			"1": 35.8441000000005,
			"2": 67.5436999999987,
			"3": 80.7102323333313,
			"4": 85.8435656666644,
			"5": 104.816499999997,
			"6": 112.224866666663,
			"7": 141.991199999995,
			"8": 181.357533333326,
			"9": 321.84350000004,
			"10": 455.613033333479,
			"11": 480.279500000165
		},
		"flight_error_enter": {
			"1": 151.091099999994,
			"2": 247.390132333322,
			"3": 343.412299000057,
			"4": 398.145632333434,
			"5": 428.645632333458,
			"6": 508.079100000187,
			"7": 566.245200000142
		},
		"flight_error_exit": {
			"2": 158.657732333327,
			"3": 256.656666666655,
			"4": 434.745632333463,
			"6": 573.311866666802
		},
		"flight_error_input": {
			"1": 54.6105656666661,
			"2": 96.2100999999971,
			"3": 114.058199999996,
			"4": 256.889999999989,
			"5": 276.609266666671,
			"6": 281.575933333341,
			"7": 433.012299000128,
			"8": 514.079100000188,
			"9": 554.612132333486,
			"10": 592.411632333452
		},
		"hardware_error_enter": {
			"1": 50.177232333333,
			"2": 197.857266666658,
			"3": 279.57593333334,
			"4": 378.745632333418,
			"5": 529.278965666841,
			"6": 551.178833333489,
			"7": 573.211866666802
		},
		"hardware_error_exit": {
			"1": 55.5105656666661,
			"2": 205.323933333324,
			"3": 284.875933333344,
			"4": 385.21229900009,
			"5": 534.178933333503,
			"6": 556.145465666817,
			"7": 577.945200000131
		},
		"hardware_error_input": {
			"1": 59.3437989999992,
			"2": 299.409266666689,
			"3": 386.112299000091,
			"4": 467.412965666822
		}
	},
	"userinfo": {
		"age": 2,
		"droneautoexp": 2,
		"droneexp": 3,
		"id": "1362847355"
	}
}
