{
	"falsepositives": {
		"CameraError": 16,
		"FlightError": 5,
		"HardwareError": 0
	},
	"reactive_results": {
		"ObjectsMissed": {
			"rows": 0,
			"structures": 0
		}
	},
	"results": {
		"CameraError": {
			"1": {
				"missed": false,
				"time": 2.33333333333333
			},
			"2": {
				"missed": false,
				"time": 1.93333333333334
			},
			"3": {
				"missed": false,
				"time": 1.8
			},
			"4": {
				"missed": false,
				"time": 2.56666666666667
			},
			"5": {
				"missed": false,
				"time": 1.6
			},
			"6": {
				"missed": false,
				"time": 1.8
			},
			"7": {
				"missed": false,
				"time": 3.36666666666666
			}
		},
		"FlightError": {
			"1": {
				"missed": false,
				"time": 4.49999999999999
			},
			"2": {
				"missed": false,
				"time": 2.23333333333334
			},
			"3": {
				"missed": true,
				"time": 0.0
			},
			"4": {
				"missed": false,
				"time": 2.5
			},
			"5": {
				"missed": false,
				"time": 2.16666666666667
			},
			"6": {
				"missed": true,
				"time": 0.0
			},
			"7": {
				"missed": false,
				"time": 1.76666666666667
			}
		},
		"HardwareError": {
			"1": {
				"missed": false,
				"time": 1.9
			},
			"2": {
				"missed": false,
				"time": 1.56666666666667
			},
			"3": {
				"missed": false,
				"time": 1.3
			},
			"4": {
				"missed": false,
				"time": 1.13333333333333
			},
			"5": {
				"missed": false,
				"time": 1.9666
			},
			"6": {
				"missed": false,
				"time": 4.43333333333333
			},
			"7": {
				"missed": false,
				"time": 0.933333333333333
			}
		}
	},
	"timestamps": {
		"altitude_error_input": {
			"1": 199.430766666658,
			"2": 280.896566666674,
			"3": 555.618866666818,
			"4": 574.151933333468
		},
		"camera_error_enter": {
			"1": 33.1324000000007,
			"2": 103.26503333333,
			"3": 186.597499999992,
			"4": 318.829566666704,
			"5": 451.91986666681,
			"6": 477.186300000163,
			"7": 583.551933333459
		},
		"camera_error_exit": {
			"1": 36.6324000000005,
			"2": 106.798266666663,
			"3": 191.564099999992,
			"4": 323.929566666708,
			"5": 455.086533333479,
			"6": 482.5862333335,
			"7": 588.218600000122
		},
		"camera_error_input": {
			"1": 35.4657333333339,
			"2": 66.8654999999988,
			"3": 70.4988333333319,
			"4": 74.165366666665,
			"5": 78.3653666666648,
			"6": 82.6318999999979,
			"7": 105.198366666663,
			"8": 110.26493333333,
			"9": 115.231599999996,
			"10": 119.398266666662,
			"11": 123.964799999996,
			"12": 129.331466666662,
			"13": 132.564699999995,
			"14": 137.364699999995,
			"15": 177.897599999992,
			"16": 182.464166666659,
			"17": 188.397499999992,
			"18": 321.396233333373,
			"19": 349.062600000062,
			"20": 453.519866666811,
			"21": 478.986300000164,
			"22": 536.919066666835,
			"23": 586.918600000123
		},
		"flight_error_enter": {
			"1": 151.064566666661,
			"2": 247.396933333322,
			"3": 343.429333333391,
			"4": 398.153866666767,
			"5": 428.620066666791,
			"6": 508.085966666854,
			"7": 566.252033333475
		},
		"flight_error_exit": {
			"1": 67.9524333333321,
			"2": 158.631133333327,
			"3": 256.663566666655,
			"4": 434.753400000129,
			"5": 884.269266666523,
			"6": 573.318600000135
		},
		"flight_error_input": {
			"1": 8.83279999999998,
			"2": 31.6990666666674,
			"3": 64.6654999999989,
			"4": 68.398833333332,
			"5": 251.263566666655,
			"6": 347.895933333394,
			"7": 400.187200000102,
			"8": 511.652633333524,
			"9": 570.752033333471,
			"10": 596.185133333448
		},
		"hardware_error_enter": {
			"1": 50.1655999999997,
			"2": 197.864099999991,
			"3": 279.596566666673,
			"4": 378.728966666752,
			"5": 529.252466666842,
			"6": 551.185533333489,
			"7": 573.218600000136
		},
		"hardware_error_exit": {
			"1": 55.5321666666661,
			"2": 205.330666666658,
			"3": 284.863233333344,
			"4": 385.227577777868,
			"5": 534.185733333504,
			"6": 556.152200000151,
			"7": 577.918600000131
		},
		"hardware_error_input": {
			"1": 52.0655999999996,
			"2": 379.862300000086,
			"3": 531.21906666684
		}
	},
	"userinfo": {
		"age": 2,
		"droneautoexp": 1,
		"droneexp": 2,
		"id": "1574265302"
	}
}
