{
	"falsepositives": {
		"CameraError": 2,
		"FlightError": 0,
		"HardwareError": 0
	},
	"results": {
		"CameraError": {
			"1": {
				"missed": false,
				"time": 2.33333333333333
			},
			"2": {
				"missed": true,
				"time": 0.0
			},
			"3": {
				"missed": false,
				"time": 2.33333333333333
			},
			"4": {
				"missed": false,
				"time": 2.2
			},
			"5": {
				"missed": true,
				"time": 0.0
			},
			"6": {
				"missed": true,
				"time": 0.0
			},
			"7": {
				"missed": true,
				"time": 0.0
			}
		},
		"FlightError": {
			"1": {
				"missed": false,
				"time": 1.79986666666667
			},
			"2": {
				"missed": false,
				"time": 2.23333333333334
			},
			"3": {
				"missed": true,
				"time": 0.0
			},
			"4": {
				"missed": false,
				"time": 2.5
			},
			"5": {
				"missed": false,
				"time": 2.16666666666667
			},
			"6": {
				"missed": true,
				"time": 0.0
			},
			"7": {
				"missed": false,
				"time": 1.76666666666667
			}
		},
		"HardwareError": {
			"1": {
				"missed": false,
				"time": 1.73333333333334
			},
			"2": {
				"missed": false,
				"time": 2.99986666666667
			},
			"3": {
				"missed": false,
				"time": 2.03333333333334
			},
			"4": {
				"missed": false,
				"time": 3.16666666666667
			},
			"5": {
				"missed": false,
				"time": 1.96666666666667
			},
			"6": {
				"missed": false,
				"time": 2.13333333333334
			},
			"7": {
				"missed": true,
				"time": 0.0
			}
		}
	},
	"timestamps": {
		"altitude_error_input": {
			"1": 158.284833333327,
			"2": 277.550300000005,
			"3": 1048.86766666637
		},
		"camera_error_enter": {
			"1": 42.4860666666668,
			"2": 111.018666666663,
			"3": 313.250000000033,
			"4": 414.18226666678,
			"5": 566.814066666808,
			"6": 936.00209999981,
			"7": 1114.46699999965
		},
		"camera_error_exit": {
			"1": 44.1194000000001,
			"2": 112.351999999996,
			"3": 315.083333333368,
			"4": 415.882266666781,
			"5": 568.014066666807,
			"6": 937.635499999808,
			"7": 1116.20033333298
		},
		"camera_error_input": {
			"1": 44.8194,
			"2": 114.585333333329,
			"3": 315.583333333369,
			"4": 416.382266666782,
			"5": 941.735399999804
		},
		"flight_error_enter": {
			"1": 63.2525666666657,
			"2": 179.917999999992,
			"3": 199.917733333325,
			"4": 337.183133333386,
			"5": 651.879966666731,
			"6": 881.735933333192,
			"7": 1004.00139999975
		},
		"flight_error_exit": {
			"1": 67.9524333333321,
			"2": 202.551066666658,
			"3": 340.883133333389,
			"5": 884.269266666523,
			"6": 1005.66806666641
		},
		"flight_error_input": {
			"1": 65.0524333333322,
			"2": 182.151333333326,
			"3": 339.683133333388,
			"4": 883.902599999856,
			"5": 1005.76806666641
		},
		"hardware_error_enter": {
			"1": 27.6195000000005,
			"2": 155.28496666666,
			"3": 275.51696666667,
			"4": 671.013133333381,
			"5": 782.570366666614,
			"6": 1046.73433333304,
			"7": 1169.7996999996
		},
		"hardware_error_exit": {
			"1": 29.6195000000006,
			"2": 158.084833333327,
			"3": 277.483633333338,
			"4": 672.846466666712,
			"5": 784.403699999946,
			"6": 1048.56766666637,
			"7": 1171.46636666626
		},
		"hardware_error_input": {
			"1": 29.352833333334,
			"2": 672.979800000046,
			"3": 785.737033333278
		}
	},
	"userinfo": {
		"age": 2,
		"droneautoexp": 1,
		"droneexp": 2,
		"id": "1574265302"
	}
}
