{
	"falsepositives": {
		"CameraError": 2,
		"FlightError": 9,
		"HardwareError": 1
	},
	"reactive_results": {
		"ObjectsMissed": {
			"rows": 0,
			"structures": 1
		}
	},
	"results": {
		"CameraError": {
			"1": {
				"missed": true,
				"time": 0.0
			},
			"2": {
				"missed": true,
				"time": 0.0
			},
			"3": {
				"missed": true,
				"time": 0.0
			},
			"4": {
				"missed": false,
				"time": 3.03333333333333
			},
			"5": {
				"missed": true,
				"time": 0.0
			},
			"6": {
				"missed": false,
				"time": 4.43333333333333
			},
			"7": {
				"missed": true,
				"time": 0.0
			}
		},
		"FlightError": {
			"1": {
				"missed": true,
				"time": 2.7
			},
			"2": {
				"missed": false,
				"time": 1.5
			},
			"3": {
				"missed": true,
				"time": 0.0
			},
			"4": {
				"missed": true,
				"time": 0.0
			},
			"5": {
				"missed": true,
				"time": 0.0
			},
			"6": {
				"missed": true,
				"time": 0.0
			},
			"7": {
				"missed": true,
				"time": 0.0
			}
		},
		"HardwareError": {
			"1": {
				"missed": false,
				"time": 1.73333333333334
			},
			"2": {
				"missed": false,
				"time": 1.1
			},
			"3": {
				"missed": false,
				"time": 3.33333333333333
			},
			"4": {
				"missed": false,
				"time": 1.5
			},
			"5": {
				"missed": false,
				"time": 1.86666666666667
			},
			"6": {
				"missed": true,
				"time": 0.0
			},
			"7": {
				"missed": false,
				"time": 3.8
			}
		}
	},
	"timestamps": {
		"altitude_error_input": {
			"1": 198.967933333325,
			"2": 282.908266666676,
			"3": 577.003100000131
		},
		"camera_error_enter": {
			"1": 33.133034333334,
			"2": 103.268867666663,
			"3": 186.601467666659,
			"4": 318.849333333371,
			"5": 451.903100000142,
			"6": 477.169766666829,
			"7": 583.569766666792
		},
		"camera_error_exit": {
			"1": 36.6329676666672,
			"2": 106.802200999997,
			"3": 191.534666666658,
			"4": 323.949333333375,
			"5": 455.069766666811,
			"6": 482.603100000167,
			"7": 588.236433333454
		},
		"camera_error_input": {
			"1": 120.402099999996,
			"2": 321.882666666707,
			"3": 481.603100000166,
			"4": 588.969766666787
		},
		"flight_error_enter": {
			"1": 151.068467666661,
			"2": 247.392499999989,
			"3": 343.416266666724,
			"4": 398.141034333433,
			"5": 428.641034333457,
			"6": 508.069766666854,
			"7": 566.269766666807
		},
		"flight_error_exit": {
			"1": 67.9270434444432,
			"2": 158.63496766666,
			"3": 256.674567666655,
			"4": 434.741034333462,
			"5": 884.245143444299,
			"6": 573.303100000134
		},
		"flight_error_input": {
			"1": 33.5663676666673,
			"2": 97.3355999999971,
			"3": 111.13553433333,
			"4": 141.868499999995,
			"5": 158.801634333327,
			"6": 352.882933333398,
			"7": 400.841034333435,
			"8": 439.007701000132,
			"9": 540.569766666831,
			"10": 598.869734333444
		},
		"hardware_error_enter": {
			"1": 50.1662009999997,
			"2": 197.867933333325,
			"3": 279.57493333334,
			"4": 378.749833333419,
			"5": 529.269766666841,
			"6": 551.169766666821,
			"7": 573.203100000134
		},
		"hardware_error_exit": {
			"1": 55.5328676666661,
			"2": 205.334634333324,
			"3": 284.874933333344,
			"4": 385.21650000009,
			"5": 534.20310000017,
			"6": 556.136433333483,
			"7": 577.936433333463
		},
		"hardware_error_input": {
			"1": 51.899534333333,
			"2": 314.015967666701,
			"3": 380.24983333342,
			"4": 531.136433333506
		}
	},
	"userinfo": {
		"age": 2,
		"droneautoexp": 1,
		"droneexp": 1,
		"id": "1693450734"
	}
}
