{
	"falsepositives": {
		"CameraError": 4,
		"FlightError": 1,
		"HardwareError": 2
	},
	"results": {
		"CameraError": {
			"1": {
				"missed": true,
				"time": 0.0
			},
			"2": {
				"missed": true,
				"time": 0.0
			},
			"3": {
				"missed": true,
				"time": 0.0
			},
			"4": {
				"missed": true,
				"time": 0.0
			},
			"5": {
				"missed": true,
				"time": 0.0
			},
			"6": {
				"missed": true,
				"time": 0.0
			},
			"7": {
				"missed": true,
				"time": 0.0
			}
		},
		"FlightError": {
			"1": {
				"missed": false,
				"time": 3.0
			},
			"2": {
				"missed": false,
				"time": 1.5
			},
			"3": {
				"missed": true,
				"time": 0.0
			},
			"4": {
				"missed": true,
				"time": 0.0
			},
			"5": {
				"missed": true,
				"time": 0.0
			},
			"6": {
				"missed": true,
				"time": 0.0
			},
			"7": {
				"missed": true,
				"time": 0.0
			}
		},
		"HardwareError": {
			"1": {
				"missed": true,
				"time": 0.0
			},
			"2": {
				"missed": true,
				"time": 0.0
			},
			"3": {
				"missed": false,
				"time": 2.0
			},
			"4": {
				"missed": true,
				"time": 0.0
			},
			"5": {
				"missed": true,
				"time": 0.0
			},
			"6": {
				"missed": true,
				"time": 0.0
			},
			"7": {
				"missed": false,
				"time": 1.63333333333334
			}
		}
	},
	"timestamps": {
		"altitude_error_input": {
			"1": 159.192744444438,
			"2": 277.49634444445,
			"3": 1171.41634444404
		},
		"camera_error_enter": {
			"1": 42.4605777777779,
			"2": 110.993210111107,
			"3": 313.262577777811,
			"4": 414.195944444557,
			"5": 566.814976777917,
			"6": 935.977944444252,
			"7": 1114.45047677742
		},
		"camera_error_exit": {
			"1": 44.1272444444445,
			"2": 112.359844444441,
			"3": 315.095911111146,
			"4": 415.895944444558,
			"5": 568.014976777916,
			"6": 937.644543444251,
			"7": 1116.21701111076
		},
		"camera_error_input": {
			"1": 46.2272444444444,
			"2": 114.926511111107,
			"3": 164.610444444438,
			"4": 755.746444444414
		},
		"flight_error_enter": {
			"1": 63.2270434444434,
			"2": 179.89727777777,
			"3": 199.930411111102,
			"4": 337.162411111164,
			"5": 651.880810111174,
			"6": 881.745143444301,
			"7": 1004.01061111086
		},
		"flight_error_exit": {
			"1": 67.9270434444432,
			"2": 202.563677777769,
			"3": 340.862310111167,
			"5": 884.245143444299,
			"6": 1005.64394444419
		},
		"flight_error_input": {
			"1": 66.2270434444433,
			"2": 181.39727777777,
			"3": 206.363677777769
		},
		"hardware_error_enter": {
			"1": 27.6273767777783,
			"2": 155.292810111105,
			"3": 275.496344444448,
			"4": 671.01394444449,
			"5": 782.54614344439,
			"6": 1046.74354344415,
			"7": 1169.78301111071
		},
		"hardware_error_exit": {
			"1": 29.6273767777784,
			"2": 158.092744444438,
			"3": 277.49634444445,
			"4": 672.847277777822,
			"5": 784.412810111055,
			"6": 1048.57687677748,
			"7": 1171.44967777737
		},
		"hardware_error_input": {
			"1": 30.2273767777784
		}
	},
	"userinfo": {
		"age": 2,
		"droneautoexp": 1,
		"droneexp": 1,
		"id": "1693450734"
	}
}
