{
	"falsepositives": {
		"CameraError": 6,
		"FlightError": 3,
		"HardwareError": 11
	},
	"results": {
		"CameraError": {
			"1": {
				"missed": false,
				"time": 3.033299
			},
			"2": {
				"missed": false,
				"time": 2.83326666666667
			},
			"3": {
				"missed": false,
				"time": 3.16666666666667
			},
			"4": {
				"missed": false,
				"time": 2.6
			},
			"5": {
				"missed": true,
				"time": 0.0
			},
			"6": {
				"missed": true,
				"time": 0.0
			},
			"7": {
				"missed": true,
				"time": 0.0
			}
		},
		"FlightError": {
			"1": {
				"missed": false,
				"time": 2.56666666666667
			},
			"2": {
				"missed": true,
				"time": 0.0
			},
			"3": {
				"missed": true,
				"time": 0.0
			},
			"4": {
				"missed": true,
				"time": 0.0
			},
			"5": {
				"missed": true,
				"time": 0.0
			},
			"6": {
				"missed": true,
				"time": 0.0
			},
			"7": {
				"missed": true,
				"time": 0.0
			}
		},
		"HardwareError": {
			"1": {
				"missed": true,
				"time": 0.0
			},
			"2": {
				"missed": true,
				"time": 0.0
			},
			"3": {
				"missed": false,
				"time": 3.0
			},
			"4": {
				"missed": true,
				"time": 0.0
			},
			"5": {
				"missed": true,
				"time": 0.0
			},
			"6": {
				"missed": true,
				"time": 0.0
			},
			"7": {
				"missed": true,
				"time": 0.0
			}
		}
	},
	"timestamps": {
		"altitude_error_input": {
			"1": 76.3783009999982,
			"2": 87.2781666666643,
			"3": 131.744399999995,
			"4": 278.509533333339,
			"5": 289.209533333348,
			"6": 313.2758666667,
			"7": 1104.66436666632
		},
		"camera_error_enter": {
			"1": 42.4786343333335,
			"2": 111.011266666663,
			"3": 313.242533333366,
			"4": 414.17486666678,
			"5": 566.808801000141,
			"6": 935.997900999808,
			"7": 1114.46413433298
		},
		"camera_error_exit": {
			"1": 44.1119676666667,
			"2": 112.344599999996,
			"3": 315.109200000035,
			"4": 415.908200000114,
			"5": 568.00880100014,
			"6": 937.664567666474,
			"7": 1116.19746766631
		},
		"camera_error_input": {
			"1": 45.5119333333333,
			"2": 113.844533333329,
			"3": 165.310699999993,
			"4": 316.409200000036,
			"5": 416.774866666782,
			"6": 507.429200000186,
			"7": 578.049234333465,
			"8": 727.32863433333,
			"9": 1033.93123433305,
			"10": 1106.56430099965
		},
		"flight_error_enter": {
			"1": 63.2450333333323,
			"2": 179.910567666659,
			"3": 199.910333333325,
			"4": 337.175600000052,
			"5": 651.894433333398,
			"6": 881.731234333191,
			"7": 1003.99790099975
		},
		"flight_error_exit": {
			"1": 67.945033333332,
			"2": 202.543666666658,
			"3": 340.875600000055,
			"5": 884.264567666522,
			"6": 1005.66456766641
		},
		"flight_error_input": {
			"1": 65.8116999999988,
			"2": 166.644033333326,
			"3": 350.075500000062,
			"4": 1033.19790099972
		},
		"hardware_error_enter": {
			"1": 27.6454000000005,
			"2": 155.277399999994,
			"3": 275.509533333337,
			"4": 670.995822222269,
			"5": 782.564567666615,
			"6": 1046.73123433304,
			"7": 1169.7969999996
		},
		"hardware_error_exit": {
			"1": 29.6120666666673,
			"2": 158.077399999994,
			"3": 277.476200000005,
			"4": 672.862488888934,
			"5": 784.397900999946,
			"6": 1048.56456766637,
			"7": 1171.46359999959
		},
		"hardware_error_input": {
			"1": 33.1120666666674,
			"2": 214.110234333324,
			"3": 263.876400999994,
			"4": 1032.16456766639,
			"5": 1108.36430099965
		}
	},
	"userinfo": {
		"age": 2,
		"droneautoexp": 2,
		"droneexp": 3,
		"id": "1731690520"
	}
}
