{
	"falsepositives": {
		"CameraError": 2,
		"FlightError": 1,
		"HardwareError": 4
	},
	"results": {
		"CameraError": {
			"1": {
				"missed": true,
				"time": 0.0
			},
			"2": {
				"missed": true,
				"time": 0.0
			},
			"3": {
				"missed": true,
				"time": 0.0
			},
			"4": {
				"missed": false,
				"time": 2.56666666666667
			},
			"5": {
				"missed": true,
				"time": 0.0
			},
			"6": {
				"missed": false,
				"time": 2.43333333333333
			},
			"7": {
				"missed": true,
				"time": 0.0
			}
		},
		"FlightError": {
			"1": {
				"missed": false,
				"time": 3.16376766666667
			},
			"2": {
				"missed": false,
				"time": 1.366599
			},
			"3": {
				"missed": true,
				"time": 0.0
			},
			"4": {
				"missed": false,
				"time": 1.73333333333334
			},
			"5": {
				"missed": false,
				"time": 3.06527777777778
			},
			"6": {
				"missed": true,
				"time": 0.0
			},
			"7": {
				"missed": false,
				"time": 1.76666666666667
			}
		},
		"HardwareError": {
			"1": {
				"missed": false,
				"time": 2.43333333333333
			},
			"2": {
				"missed": false,
				"time": 3.54126566666667
			},
			"3": {
				"missed": false,
				"time": 2.6
			},
			"4": {
				"missed": true,
				"time": 0.0
			},
			"5": {
				"missed": true,
				"time": 0.0
			},
			"6": {
				"missed": true,
				"time": 0.0
			},
			"7": {
				"missed": false,
				"time": 2.37543233333333
			}
		}
	},
	"timestamps": {
		"altitude_error_input": {
			"1": 158.93216666666,
			"2": 278.098166666672,
			"3": 1052.58343333305,
			"4": 1172.14099999961
		},
		"camera_error_enter": {
			"1": 42.4888333333335,
			"2": 110.99333333333,
			"3": 313.231500000034,
			"4": 414.198166666781,
			"5": 566.799734333475,
			"6": 935.981833333159,
			"7": 1114.45148888855
		},
		"camera_error_exit": {
			"1": 44.1221666666667,
			"2": 112.360099999996,
			"3": 315.098166666702,
			"4": 415.898166666782,
			"5": 567.999734333474,
			"6": 937.648499999824,
			"7": 1116.18482222188
		},
		"camera_error_input": {
			"1": 91.1602666666641,
			"2": 416.764833333449,
			"3": 938.41516666649,
			"4": 1118.31815555522
		},
		"flight_error_enter": {
			"1": 63.230299999999,
			"2": 179.898234333326,
			"3": 199.931499999991,
			"4": 337.164833333386,
			"5": 651.899500000065,
			"6": 881.740900999874,
			"7": 1003.9823333331
		},
		"flight_error_exit": {
			"1": 67.9271999999988,
			"2": 202.564833333325,
			"3": 340.864833333389,
			"5": 884.239512110983,
			"6": 1005.64899999976
		},
		"flight_error_input": {
			"1": 13.187,
			"2": 66.3940676666655,
			"3": 181.264833333326,
			"4": 338.898166666721,
			"5": 884.80617877765,
			"6": 1005.74899999976
		},
		"hardware_error_enter": {
			"1": 27.6221666666672,
			"2": 155.390900999994,
			"3": 275.49816666667,
			"4": 670.999500000049,
			"5": 782.549599999964,
			"6": 1046.71676666639,
			"7": 1169.76556766628
		},
		"hardware_error_exit": {
			"1": 29.6221666666673,
			"2": 158.098833333327,
			"3": 277.464833333339,
			"4": 672.833234333382,
			"5": 784.382933333296,
			"6": 1048.55009999972,
			"7": 1171.44109999961
		},
		"hardware_error_input": {
			"1": 30.0555000000007,
			"2": 443.264833333471,
			"3": 789.682933333291,
			"4": 934.415166666493
		}
	},
	"userinfo": {
		"age": 2,
		"droneautoexp": 1,
		"droneexp": 1,
		"id": "1786959603"
	}
}
