{
	"falsepositives": {
		"CameraError": 0,
		"FlightError": 1,
		"HardwareError": 0
	},
	"results": {
		"CameraError": {
			"1": {
				"missed": true,
				"time": 0.0
			},
			"2": {
				"missed": true,
				"time": 0.0
			},
			"3": {
				"missed": true,
				"time": 0.0
			},
			"4": {
				"missed": true,
				"time": 0.0
			},
			"5": {
				"missed": true,
				"time": 0.0
			},
			"6": {
				"missed": true,
				"time": 0.0
			},
			"7": {
				"missed": true,
				"time": 0.0
			}
		},
		"FlightError": {
			"1": {
				"missed": false,
				"time": 3.233301
			},
			"2": {
				"missed": false,
				"time": 3.56663433333333
			},
			"3": {
				"missed": false,
				"time": 2.76663333333333
			},
			"4": {
				"missed": false,
				"time": 2.73333333333333
			},
			"5": {
				"missed": false,
				"time": 2.36666666666667
			},
			"6": {
				"missed": true,
				"time": 0.0
			},
			"7": {
				"missed": false,
				"time": 2.26663333333334
			}
		},
		"HardwareError": {
			"1": {
				"missed": false,
				"time": 2.433301
			},
			"2": {
				"missed": false,
				"time": 3.69996666666666
			},
			"3": {
				"missed": false,
				"time": 1.53333333333333
			},
			"4": {
				"missed": false,
				"time": 2.1333
			},
			"5": {
				"missed": false,
				"time": 3.36666666666666
			},
			"6": {
				"missed": false,
				"time": 2.6
			},
			"7": {
				"missed": false,
				"time": 3.16663333333333
			}
		}
	},
	"timestamps": {
		"altitude_error_input": {
			"1": 158.993344444438,
			"2": 277.025511111116,
			"3": 1049.31777777749,
			"4": 1172.94987777738
		},
		"camera_error_enter": {
			"1": 42.4611777777779,
			"2": 110.993844444441,
			"3": 313.258476777811,
			"4": 414.19077777789,
			"5": 566.822577777919,
			"6": 935.985577777592,
			"7": 1114.4504444441
		},
		"camera_error_exit": {
			"1": 44.1278101111112,
			"2": 112.360476777774,
			"3": 315.091777777812,
			"4": 415.890777777892,
			"5": 567.989244444584,
			"6": 937.652211110924,
			"7": 1116.21711111076
		},
		"camera_error_input": {

		},
		"flight_error_enter": {
			"1": 63.2276434444434,
			"2": 179.893143444437,
			"3": 199.926277777769,
			"4": 337.158211111163,
			"5": 651.888411111177,
			"6": 881.75277777764,
			"7": 1004.0182444442
		},
		"flight_error_exit": {
			"1": 67.9275777777765,
			"2": 202.559577777769,
			"3": 340.891544444499,
			"5": 884.252777777638,
			"6": 1005.6515444442
		},
		"flight_error_input": {
			"1": 66.4609444444432,
			"2": 183.45977777777,
			"3": 202.692911111102,
			"4": 229.692643444434,
			"5": 339.891544444498,
			"6": 884.119444444305,
			"7": 1006.28487777753
		},
		"hardware_error_enter": {
			"1": 27.6279767777783,
			"2": 155.293377777771,
			"3": 275.492177777781,
			"4": 670.98821111116,
			"5": 782.553777777728,
			"6": 1046.71777777749,
			"7": 1169.78324444405
		},
		"hardware_error_exit": {
			"1": 29.6279767777784,
			"2": 158.093344444438,
			"3": 277.492177777783,
			"4": 672.854877777825,
			"5": 784.387077777726,
			"6": 1048.58444444416,
			"7": 1171.44987777738
		},
		"hardware_error_input": {
			"1": 30.0612777777784,
			"2": 674.354877777823,
			"3": 784.687077777726
		}
	},
	"userinfo": {
		"age": 2,
		"droneautoexp": 1,
		"droneexp": 1,
		"id": "2235556173"
	}
}
