{
	"falsepositives": {
		"CameraError": 0,
		"FlightError": 0,
		"HardwareError": 0
	},
	"results": {
		"CameraError": {
			"1": {
				"missed": true,
				"time": 0.0
			},
			"2": {
				"missed": true,
				"time": 0.0
			},
			"3": {
				"missed": true,
				"time": 0.0
			},
			"4": {
				"missed": true,
				"time": 0.0
			},
			"5": {
				"missed": true,
				"time": 0.0
			},
			"6": {
				"missed": true,
				"time": 0.0
			},
			"7": {
				"missed": true,
				"time": 0.0
			}
		},
		"FlightError": {
			"1": {
				"missed": true,
				"time": 0.0
			},
			"2": {
				"missed": true,
				"time": 0.0
			},
			"3": {
				"missed": true,
				"time": 0.0
			},
			"4": {
				"missed": true,
				"time": 0.0
			},
			"5": {
				"missed": true,
				"time": 0.0
			},
			"6": {
				"missed": true,
				"time": 0.0
			},
			"7": {
				"missed": true,
				"time": 0.0
			}
		},
		"HardwareError": {
			"1": {
				"missed": true,
				"time": 0.0
			},
			"2": {
				"missed": true,
				"time": 0.0
			},
			"3": {
				"missed": true,
				"time": 0.0
			},
			"4": {
				"missed": true,
				"time": 0.0
			},
			"5": {
				"missed": true,
				"time": 0.0
			},
			"6": {
				"missed": true,
				"time": 0.0
			},
			"7": {
				"missed": true,
				"time": 0.0
			}
		}
	},
	"timestamps": {
		"altitude_error_input": {

		},
		"camera_error_enter": {
			"1": 42.4920000000002,
			"2": 111.015999999996,
			"3": 313.254000000031,
			"4": 414.195333333443,
			"5": 566.827000000138,
			"6": 935.98166666647,
			"7": 1114.48033333297
		},
		"camera_error_exit": {
			"1": 44.1250000000001,
			"2": 112.34933333333,
			"3": 315.087333333365,
			"4": 415.895333333444,
			"5": 567.993666666803,
			"6": 937.648333333135,
			"7": 1116.21366666631
		},
		"camera_error_input": {

		},
		"flight_error_enter": {
			"1": 63.2493333333324,
			"2": 179.915999999992,
			"3": 199.925666666658,
			"4": 337.187333333383,
			"5": 651.892666666727,
			"6": 881.748666666519,
			"7": 1004.01433333308
		},
		"flight_error_exit": {
			"1": 67.9493333333321,
			"2": 202.558999999991,
			"3": 340.887333333386,
			"5": 884.248666666517,
			"6": 1005.64766666641
		},
		"flight_error_input": {

		},
		"hardware_error_enter": {
			"1": 27.6312777777783,
			"2": 155.28266666666,
			"3": 275.516666666668,
			"4": 670.99366666671,
			"5": 782.558333333275,
			"6": 1046.7479999997,
			"7": 1169.81266666626
		},
		"hardware_error_exit": {
			"1": 29.5979444444451,
			"2": 158.08266666666,
			"3": 277.483333333336,
			"4": 672.860333333375,
			"5": 784.391666666607,
			"6": 1048.58133333303,
			"7": 1171.44599999959
		},
		"hardware_error_input": {

		}
	},
	"userinfo": {
		"age": 2,
		"droneautoexp": 2,
		"droneexp": 2,
		"id": "2410888569"
	}
}
