{
	"falsepositives": {
		"CameraError": 0,
		"FlightError": 0,
		"HardwareError": 0
	},
	"reactive_results": {
		"ObjectsMissed": {
			"rows": 0,
			"structures": 1
		}
	},
	"results": {
		"CameraError": {
			"1": {
				"missed": true,
				"time": 0.0
			},
			"2": {
				"missed": true,
				"time": 0.0
			},
			"3": {
				"missed": true,
				"time": 0.0
			},
			"4": {
				"missed": true,
				"time": 0.0
			},
			"5": {
				"missed": true,
				"time": 0.0
			},
			"6": {
				"missed": true,
				"time": 0.0
			},
			"7": {
				"missed": true,
				"time": 0.0
			}
		},
		"FlightError": {
			"1": {
				"missed": true,
				"time": 0.0
			},
			"2": {
				"missed": true,
				"time": 0.0
			},
			"3": {
				"missed": true,
				"time": 0.0
			},
			"4": {
				"missed": true,
				"time": 0.0
			},
			"5": {
				"missed": true,
				"time": 0.0
			},
			"6": {
				"missed": true,
				"time": 0.0
			},
			"7": {
				"missed": true,
				"time": 0.0
			}
		},
		"HardwareError": {
			"1": {
				"missed": true,
				"time": 0.0
			},
			"2": {
				"missed": true,
				"time": 0.0
			},
			"3": {
				"missed": true,
				"time": 0.0
			},
			"4": {
				"missed": true,
				"time": 0.0
			},
			"5": {
				"missed": true,
				"time": 0.0
			},
			"6": {
				"missed": true,
				"time": 0.0
			},
			"7": {
				"missed": true,
				"time": 0.0
			}
		}
	},
	"timestamps": {
		"altitude_error_input": {

		},
		"camera_error_enter": {
			"1": 33.1296111111118,
			"2": 103.263944444441,
			"3": 186.595611111103,
			"4": 318.828611111149,
			"5": 451.928277777917,
			"6": 477.194277777935,
			"7": 583.570944444567
		},
		"camera_error_exit": {
			"1": 36.6296111111116,
			"2": 106.797277777774,
			"3": 191.56227777777,
			"4": 323.92827777782,
			"5": 455.060277777919,
			"6": 482.593611111273,
			"7": 588.24961111123
		},
		"camera_error_input": {

		},
		"flight_error_enter": {
			"1": 151.063277777772,
			"2": 247.394944444433,
			"3": 343.428277777836,
			"4": 398.161222222322,
			"5": 428.628611111234,
			"6": 508.067944444625,
			"7": 566.265611111249
		},
		"flight_error_exit": {
			"1": 67.9493333333321,
			"2": 158.629944444438,
			"3": 256.6616111111,
			"4": 434.760944444571,
			"5": 884.248666666517,
			"6": 573.299277777909
		},
		"flight_error_input": {

		},
		"hardware_error_enter": {
			"1": 50.1656111111108,
			"2": 197.862277777769,
			"3": 279.594944444451,
			"4": 378.72794444453,
			"5": 529.266277777946,
			"6": 551.200611111262,
			"7": 573.232611111242
		},
		"hardware_error_exit": {
			"1": 55.5339444444438,
			"2": 205.328944444436,
			"3": 284.894944444456,
			"4": 385.227611111201,
			"5": 534.194611111276,
			"6": 556.167277777924,
			"7": 577.932944444572
		},
		"hardware_error_input": {

		}
	},
	"userinfo": {
		"age": 2,
		"droneautoexp": 2,
		"droneexp": 2,
		"id": "2410888569"
	}
}
