{
	"falsepositives": {
		"CameraError": 4,
		"FlightError": 1,
		"HardwareError": 27
	},
	"results": {
		"CameraError": {
			"1": {
				"missed": true,
				"time": 8.73300099999998
			},
			"2": {
				"missed": true,
				"time": 0.0
			},
			"3": {
				"missed": true,
				"time": 0.0
			},
			"4": {
				"missed": true,
				"time": 0.0
			},
			"5": {
				"missed": true,
				"time": 0.0
			},
			"6": {
				"missed": true,
				"time": 0.0
			},
			"7": {
				"missed": true,
				"time": 0.0
			}
		},
		"FlightError": {
			"1": {
				"missed": false,
				"time": 4.53333333333333
			},
			"2": {
				"missed": false,
				"time": 4.13333333333333
			},
			"3": {
				"missed": true,
				"time": 0.0
			},
			"4": {
				"missed": true,
				"time": 0.0
			},
			"5": {
				"missed": true,
				"time": 0.0
			},
			"6": {
				"missed": true,
				"time": 0.0
			},
			"7": {
				"missed": true,
				"time": 0.0
			}
		},
		"HardwareError": {
			"1": {
				"missed": true,
				"time": 7.26666666666665
			},
			"2": {
				"missed": true,
				"time": 7.59999899999998
			},
			"3": {
				"missed": true,
				"time": 0.0
			},
			"4": {
				"missed": true,
				"time": 0.0
			},
			"5": {
				"missed": true,
				"time": 0.0
			},
			"6": {
				"missed": true,
				"time": 0.0
			},
			"7": {
				"missed": true,
				"time": 0.0
			}
		}
	},
	"timestamps": {
		"altitude_error_input": {
			"1": 7.36766666666665,
			"2": 56.800666666666,
			"3": 88.9669999999975,
			"4": 138.432999999995,
			"5": 163.63266666666,
			"6": 285.747333333345,
			"7": 451.279000000143,
			"8": 476.812000000164,
			"9": 529.678000000176,
			"10": 565.711000000143,
			"11": 598.944000000113,
			"12": 721.343000000001,
			"13": 960.565666666451,
			"14": 1053.03133333303
		},
		"camera_error_enter": {
			"1": 42.4673333333335,
			"2": 110.999998999996,
			"3": 313.247000000033,
			"4": 414.179333333447,
			"5": 566.811000000142,
			"6": 935.998999999807,
			"7": 1114.46399999964
		},
		"camera_error_exit": {
			"1": 44.1340000000001,
			"2": 112.366665666663,
			"3": 315.113666666702,
			"4": 415.879333333448,
			"5": 568.011000000141,
			"6": 937.665666666472,
			"7": 1116.23066666631
		},
		"camera_error_input": {
			"1": 95.0333333333305,
			"2": 116.966665666663,
			"3": 319.680333333372,
			"4": 964.265333333114
		},
		"flight_error_enter": {
			"1": 63.2336666666656,
			"2": 179.899333333326,
			"3": 199.933666666658,
			"4": 337.180000000053,
			"5": 651.877000000065,
			"6": 881.732998999856,
			"7": 1003.99833333308
		},
		"flight_error_exit": {
			"0": 12.4263888888889,
			"1": 67.9336666666654,
			"2": 202.566999999991,
			"3": 340.880000000055,
			"5": 884.266332333187,
			"6": 1005.66499999974
		},
		"flight_error_input": {
			"1": 67.7669999999987,
			"2": 184.032666666659,
			"3": 1007.89833333307
		},
		"hardware_error_enter": {
			"1": 27.6343333333339,
			"2": 155.29966666666,
			"3": 275.514000000003,
			"4": 671.010000000047,
			"5": 782.567333333279,
			"6": 1046.73133333304,
			"7": 1169.79666666626
		},
		"hardware_error_exit": {
			"1": 29.6006666666673,
			"2": 158.09966666666,
			"3": 277.480666666672,
			"4": 672.843333333379,
			"5": 784.400666666611,
			"6": 1048.5979999997,
			"7": 1171.46333333293
		},
		"hardware_error_input": {
			"1": 32.1340000000007,
			"2": 107.93333333333,
			"3": 197.132999999991,
			"4": 306.913666666695,
			"5": 434.345666666796,
			"6": 569.744333333472,
			"7": 597.71066666678,
			"8": 679.31000000004,
			"9": 730.46766666666,
			"10": 957.93233333312,
			"11": 1033.66466666638,
			"12": 1056.96466666636,
			"13": 1154.46366666627
		}
	},
	"userinfo": {
		"age": 2,
		"droneautoexp": 1,
		"droneexp": 1,
		"id": "2675334006"
	}
}
