{
	"falsepositives": {
		"CameraError": 1,
		"FlightError": 0,
		"HardwareError": 0
	},
	"results": {
		"CameraError": {
			"1": {
				"missed": true,
				"time": 5.16656766666666
			},
			"2": {
				"missed": true,
				"time": 0.0
			},
			"3": {
				"missed": true,
				"time": 0.0
			},
			"4": {
				"missed": true,
				"time": 0.0
			},
			"5": {
				"missed": true,
				"time": 0.0
			},
			"6": {
				"missed": true,
				"time": 0.0
			},
			"7": {
				"missed": true,
				"time": 0.0
			}
		},
		"FlightError": {
			"1": {
				"missed": false,
				"time": 1.86656566666667
			},
			"2": {
				"missed": false,
				"time": 2.79993433333333
			},
			"3": {
				"missed": true,
				"time": 0.0
			},
			"4": {
				"missed": false,
				"time": 4.1
			},
			"5": {
				"missed": true,
				"time": 0.0
			},
			"6": {
				"missed": true,
				"time": 0.0
			},
			"7": {
				"missed": true,
				"time": 0.0
			}
		},
		"HardwareError": {
			"1": {
				"missed": false,
				"time": 2.899899
			},
			"2": {
				"missed": true,
				"time": 8.33323233333332
			},
			"3": {
				"missed": false,
				"time": 1.9
			},
			"4": {
				"missed": true,
				"time": 0.0
			},
			"5": {
				"missed": false,
				"time": 3.73333333333333
			},
			"6": {
				"missed": true,
				"time": 0.0
			},
			"7": {
				"missed": true,
				"time": 0.0
			}
		}
	},
	"timestamps": {
		"altitude_error_input": {
			"1": 277.397166666672
		},
		"camera_error_enter": {
			"1": 42.4662343333335,
			"2": 110.99893433333,
			"3": 313.2552676667,
			"4": 414.18756766678,
			"5": 566.819333333475,
			"6": 936.005967666476,
			"7": 1114.47113433298
		},
		"camera_error_exit": {
			"1": 44.1329010000001,
			"2": 112.365600999996,
			"3": 315.088601000034,
			"4": 415.887567666781,
			"5": 567.986000000141,
			"6": 937.639300999808,
			"7": 1116.20440099965
		},
		"camera_error_input": {
			"1": 503.253333333517
		},
		"flight_error_enter": {
			"1": 63.232800999999,
			"2": 179.898333333326,
			"3": 199.931400999991,
			"4": 337.188301000052,
			"5": 651.885166666732,
			"6": 881.739300999859,
			"7": 1004.00556766642
		},
		"flight_error_exit": {
			"0": 17.0418676666667,
			"1": 67.9326999999987,
			"2": 202.564734333324,
			"3": 340.888301000055,
			"5": 884.239300999857,
			"6": 1005.67223433308
		},
		"flight_error_input": {
			"1": 65.0993666666655,
			"2": 182.698267666659,
			"3": 341.288301000055,
			"4": 10.008601,
			"5": 11.5419343333333,
			"6": 11.7752676666666,
			"7": 11.9752676666666,
			"8": 12.1419343333333,
			"9": 12.308601,
			"10": 12.4752676666666,
			"11": 12.6419343333333,
			"12": 12.8752676666666
		},
		"hardware_error_enter": {
			"1": 27.6331343333339,
			"2": 155.29856766666,
			"3": 275.49716666667,
			"4": 670.984967666715,
			"5": 782.550567666615,
			"6": 1046.73846766638,
			"7": 1169.8038009996
		},
		"hardware_error_exit": {
			"1": 29.5997000000006,
			"2": 158.098533333327,
			"3": 277.497166666672,
			"4": 672.85163433338,
			"5": 784.41723433328,
			"6": 1048.57180099971,
			"7": 1171.47046766626
		},
		"hardware_error_input": {
			"1": 30.533033333334,
			"2": 674.718301000045
		}
	},
	"userinfo": {
		"age": 2,
		"droneautoexp": 1,
		"droneexp": 1,
		"id": "398010489"
	}
}
