{
	"falsepositives": {
		"CameraError": 1,
		"FlightError": 1,
		"HardwareError": 1
	},
	"results": {
		"CameraError": {
			"1": {
				"missed": true,
				"time": 0.0
			},
			"2": {
				"missed": true,
				"time": 0.0
			},
			"3": {
				"missed": true,
				"time": 0.0
			},
			"4": {
				"missed": true,
				"time": 0.0
			},
			"5": {
				"missed": true,
				"time": 0.0
			},
			"6": {
				"missed": true,
				"time": 0.0
			},
			"7": {
				"missed": true,
				"time": 0.0
			}
		},
		"FlightError": {
			"1": {
				"missed": false,
				"time": 2.7
			},
			"2": {
				"missed": true,
				"time": 0.0
			},
			"3": {
				"missed": true,
				"time": 0.0
			},
			"4": {
				"missed": false,
				"time": 4.66666666666666
			},
			"5": {
				"missed": true,
				"time": 0.0
			},
			"6": {
				"missed": true,
				"time": 0.0
			},
			"7": {
				"missed": true,
				"time": 0.0
			}
		},
		"HardwareError": {
			"1": {
				"missed": true,
				"time": 0.0
			},
			"2": {
				"missed": true,
				"time": 0.0
			},
			"3": {
				"missed": true,
				"time": 0.0
			},
			"4": {
				"missed": true,
				"time": 0.0
			},
			"5": {
				"missed": true,
				"time": 0.0
			},
			"6": {
				"missed": true,
				"time": 0.0
			},
			"7": {
				"missed": true,
				"time": 0.0
			}
		}
	},
	"timestamps": {
		"altitude_error_input": {

		},
		"camera_error_enter": {
			"1": 42.4727222222224,
			"2": 111.006055555552,
			"3": 313.255756555589,
			"4": 414.188888889003,
			"5": 566.820488889031,
			"6": 935.983622222033,
			"7": 1114.44852222187
		},
		"camera_error_exit": {
			"1": 44.1060555555556,
			"2": 112.339388888885,
			"3": 315.089089888924,
			"4": 415.888855555671,
			"5": 567.987155555697,
			"6": 937.650288888698,
			"7": 1116.21518888854
		},
		"camera_error_input": {
			"1": 115.139388888885
		},
		"flight_error_enter": {
			"1": 63.2393888888879,
			"2": 179.906055555548,
			"3": 199.906055555547,
			"4": 337.189089888942,
			"5": 651.886355555621,
			"6": 881.750855555415,
			"7": 1004.01618888864
		},
		"flight_error_exit": {
			"1": 67.9393888888876,
			"2": 202.550756555547,
			"3": 340.889089888945,
			"5": 884.250855555413,
			"6": 1005.64952222197
		},
		"flight_error_input": {
			"1": 65.9393888888877,
			"2": 341.855756555612,
			"3": 431.52182222235
		},
		"hardware_error_enter": {
			"1": 27.6387888888894,
			"2": 155.272722222216,
			"3": 275.489089888892,
			"4": 670.986256555604,
			"5": 782.55182222217,
			"6": 1046.71585555527,
			"7": 1169.78135555516
		},
		"hardware_error_exit": {
			"1": 29.6054555555562,
			"2": 158.106055555549,
			"3": 277.489089888894,
			"4": 672.852923222269,
			"5": 784.418388888835,
			"6": 1048.58252222193,
			"7": 1171.44778888849
		},
		"hardware_error_input": {
			"1": 87.0393888888865
		}
	},
	"userinfo": {
		"age": 2,
		"droneautoexp": 1,
		"droneexp": 2,
		"id": "441692770"
	}
}
